db_name,ionized_mass;
CAR 10:0 [M+H]+,316.2482;
CAR 10:1;O [M+H]+,330.2275
CAR 10:1;O2 [M+H]+,346.2224
CAR 10:1 [M+H]+,314.2326;
CAR 10:2 [M+H]+,312.2169;
CAR 10:3 [M+H]+,310.2013;
CAR 11:0 [M+H]+,330.2639;
CAR 12:0;O [M+H]+,360.2744
CAR 12:0 [M+H]+,344.2795;
CAR 12:1;O [M+H]+,358.2588
CAR 12:1;O2 [M+H]+,374.2537
CAR 14:0;O [M+H]+,388.3057
CAR 14:0 [M+H]+,372.3108;
CAR 14:1;O2 [M+H]+,402.2850
CAR 14:1 [M+H]+,370.2952;
CAR 14:2;O [M+H]+,384.2744
CAR 14:2;O2 [M+H]+,400.2694
CAR 14:2 [M+H]+,368.2795;
CAR 16:0;O [M+H]+,416.3370
CAR 16:0 [M+H]+,400.3421;
CAR 16:1;O [M+H]+,414.3214
CAR 16:1;O2 [M+H]+,430.3163
CAR 16:1 [M+H]+,398.3265;
CAR 16:2;O [M+H]+,412.3057
CAR 16:2 [M+H]+,396.3108;
CAR 17:0 [M+H]+,414.3578;
CAR 18:0;O [M+H]+,444.3683
CAR 18:0 [M+H]+,428.3734;
CAR 18:1;O [M+H]+,442.3527
CAR 18:1;O2 [M+H]+,458.3476
CAR 18:1 [M+H]+,426.3578;
CAR 18:2;O [M+H]+,440.3370
CAR 18:2;O2 [M+H]+,456.3320
CAR 18:2 [M+H]+,424.3421;
CAR 18:3;O [M+H]+,438.3214
CAR 18:3 [M+H]+,422.3265;
CAR 18:4 [M+H]+,420.3108;
CAR 2:0 [M+H]+,204.1230;
CAR 20:0;O [M+H]+,472.3996
CAR 20:0 [M+H]+,456.4047;
CAR 20:1 [M+H]+,454.3891;
CAR 20:2 [M+H]+,452.3734;
CAR 20:3 [M+H]+,450.3583;
CAR 20:4;O [M+H]+,464.3370
CAR 20:4 [M+H]+,448.3421;
CAR 22:0 [M+H]+,484.4360;
CAR 22:1 [M+H]+,482.4209;
CAR 22:2 [M+H]+,480.4047;
CAR 22:3 [M+H]+,478.3896;
CAR 22:4 [M+H]+,476.3734;
CAR 22:5 [M+H]+,474.3578;
CAR 22:6 [M+H]+,472.3421;
CAR 24:0 [M+H]+,512.4679;
CAR 24:1 [M+H]+,510.4522;
CAR 26:0 [M+H]+,540.4986;
CAR 3:0;O [M+H]+,234.1336
CAR 3:0 [M+H]+,218.1387;
CAR 3:1;O2 [M+H]+,248.1129
CAR 3:1 [M+H]+,216.1230;
CAR 4:0;O [M+H]+,248.1492
CAR 4:0 [M+H]+,232.1543;
CAR 4:1;O2 [M+H]+,262.1285
CAR 4:1 [M+H]+,230.1387;
CAR 4:2;O2 [M+H]+,260.1129
CAR 5:0;O [M+H]+,262.1649
CAR 5:0 [M+H]+,246.1700;
CAR 5:1;O2 [M+H]+,276.1442
CAR 5:1 [M+H]+,244.1543;
CAR 5:2;O2 [M+H]+,274.1285
CAR 6:0;O [M+H]+,276.1805
CAR 6:0 [M+H]+,260.1856;
CAR 6:1;O2 [M+H]+,290.1598
CAR 6:1 [M+H]+,258.1700;
CAR 6:2;O2 [M+H]+,288.1442
CAR 7:0 [M+H]+,274.2013;
CAR 8:0 [M+H]+,288.2169;
CAR 8:1;O [M+H]+,302.1962
CAR 8:1 [M+H]+,286.2013;
CAR 9:0 [M+H]+,302.2326;
Cer 32:1;O2 [M+H]+,510.4881
Cer 32:1;O2 [M+H-H2O]+,492.4775
Cer 32:2;O2 [M+H]+,508.4724
Cer 32:2;O2 [M+H-H2O]+,490.4619
Cer 33:1;O2 [M+H]+,524.5037
Cer 33:1;O2 [M+H-H2O]+,506.4932
Cer 34:1;O2 [M+H]+,538.5194
Cer 34:1;O2 [M+H-H2O]+,520.5088
Cer 34:2;O2 [M+H]+,536.5037
Cer 34:2;O2 [M+H-H2O]+,518.4932
Cer 35:1;O2 [M+H]+,552.5350
Cer 35:1;O2 [M+H-H2O]+,534.5245
Cer 35:2;O2 [M+H]+,550.5194
Cer 35:2;O2 [M+H-H2O]+,532.5088
Cer 36:1;O2 [M+H]+,566.5507
Cer 36:1;O2 [M+H-H2O]+,548.5401
Cer 36:2;O2 [M+H]+,564.5350
Cer 36:2;O2 [M+H-H2O]+,546.5245
Cer 36:3;O2 [M+H]+,562.5194
Cer 36:3;O2 [M+H-H2O]+,544.5088
Cer 38:1;O2 [M+H]+,594.5820
Cer 38:1;O2 [M+H-H2O]+,576.5714
Cer 38:2;O2 [M+H]+,592.5663
Cer 38:2;O2 [M+H-H2O]+,574.5558
Cer 38:3;O2 [M+H]+,590.5507
Cer 38:3;O2 [M+H-H2O]+,572.5401
Cer 39:1;O2 [M+H]+,608.5976
Cer 39:1;O2 [M+H-H2O]+,590.5871
Cer 40:1;O2 [M+H]+,622.6133
Cer 40:1;O2 [M+H-H2O]+,604.6027
Cer 40:2;O2 [M+H]+,620.5976
Cer 40:2;O2 [M+H-H2O]+,602.5871
Cer 40:3;O2 [M+H]+,618.5820
Cer 40:3;O2 [M+H-H2O]+,600.5714
Cer 40:4;O2 [M+H]+,616.5663
Cer 40:4;O2 [M+H-H2O]+,598.5558
Cer 41:1;O2 [M+H]+,636.6289
Cer 41:1;O2 [M+H-H2O]+,618.6184
Cer 41:2;O2 [M+H]+,634.6133
Cer 41:2;O2 [M+H-H2O]+,616.6027
Cer 42:1;O2 [M+H]+,650.6446
Cer 42:1;O2 [M+H-H2O]+,632.6340
Cer 42:2;O2 [M+H]+,648.6289
Cer 42:2;O2 [M+H-H2O]+,630.6184
Cer 42:3;O2 [M+H]+,646.6133
Cer 42:3;O2 [M+H-H2O]+,628.6027
Cer 42:4;O2 [M+H]+,644.5976
Cer 42:4;O2 [M+H-H2O]+,626.5871
Cer 43:1;O2 [M+H]+,664.6602
Cer 43:1;O2 [M+H-H2O]+,646.6497
Cer 43:2;O2 [M+H]+,662.6446
Cer 43:2;O2 [M+H-H2O]+,644.6340
Cer 43:3;O2 [M+H]+,660.6289
Cer 43:3;O2 [M+H-H2O]+,642.6184
Cer 44:1;O2 [M+H]+,678.6759
Cer 44:1;O2 [M+H-H2O]+,660.6653
Cer 44:2;O2 [M+H]+,676.6602
Cer 44:2;O2 [M+H-H2O]+,658.6497
Cer 44:3;O2 [M+H]+,674.6446
Cer 44:3;O2 [M+H-H2O]+,656.6340
Cer 44:4;O2 [M+H]+,672.6289
Cer 44:4;O2 [M+H-H2O]+,654.6184
Chol [M.]+,386.3543;
Chol [M+H]+,387.3621;
Chol [M+H-H2O]+,369.3516;
DG 28:0 [M+H-H2O]+,495.4408;
DG 28:1 [M+H-H2O]+,493.4251;
DG 30:0 [M+H-H2O]+,523.4721;
DG 30:1 [M+H-H2O]+,521.4564;
DG 30:2 [M+H-H2O]+,519.4408;
DG 32:0 [M+H-H2O]+,551.5034;
DG 32:1 [M+H-H2O]+,549.4877;
DG 32:2 [M+H-H2O]+,547.4721;
DG 32:3 [M+H-H2O]+,545.4564;
DG 34:0 [M+H-H2O]+,579.5347;
DG 34:1 [M+H-H2O]+,577.5190;
DG 34:2 [M+H-H2O]+,575.5034;
DG 34:3 [M+H-H2O]+,573.4877;
DG 34:4 [M+H-H2O]+,571.4721;
DG 36:0 [M+H-H2O]+,607.5660;
DG 36:1 [M+H-H2O]+,605.5503;
DG 36:2 [M+H-H2O]+,603.5347;
DG 36:3 [M+H-H2O]+,601.5190;
DG 36:4 [M+H-H2O]+,599.5034;
DG 36:5 [M+H-H2O]+,597.4877;
DG 36:6 [M+H-H2O]+,595.4721;
DG 38:0 [M+H-H2O]+,635.5973;
DG 38:1 [M+H-H2O]+,633.5816;
DG 38:2 [M+H-H2O]+,631.5660;
DG 38:3 [M+H-H2O]+,629.5503;
DG 38:4 [M+H-H2O]+,627.5347;
DG 38:5 [M+H-H2O]+,625.5190;
DG 38:6 [M+H-H2O]+,623.5034;
DG 38:7 [M+H-H2O]+,621.4877;
DG 38:8 [M+H-H2O]+,619.4721;
DG 40:0 [M+H-H2O]+,663.6286;
DG 40:1 [M+H-H2O]+,661.6129;
DG 40:10 [M+H-H2O]+,643.4721;
DG 40:2 [M+H-H2O]+,659.5973;
DG 40:3 [M+H-H2O]+,657.5816;
DG 40:4 [M+H-H2O]+,655.5660;
DG 40:5 [M+H-H2O]+,653.5503;
DG 40:6 [M+H-H2O]+,651.5347;
DG 40:7 [M+H-H2O]+,649.5190;
DG 40:8 [M+H-H2O]+,647.5034;
DG 40:9 [M+H-H2O]+,645.4877;
DG 42:1 [M+H-H2O]+,689.6442;
DG 42:10 [M+H-H2O]+,671.5034;
DG 42:2 [M+H-H2O]+,687.6286;
DG 42:3 [M+H-H2O]+,685.6129;
DG 42:4 [M+H-H2O]+,683.5973;
DG 42:5 [M+H-H2O]+,681.5816;
DG 42:6 [M+H-H2O]+,679.5660;
DG 42:7 [M+H-H2O]+,677.5503;
DG 42:8 [M+H-H2O]+,675.5347;
DG 42:9 [M+H-H2O]+,673.5190;
DG 44:10 [M+H-H2O]+,699.5347;
DG 44:11 [M+H-H2O]+,697.5190;
DG 44:12 [M+H-H2O]+,695.5034;
DG 44:2 [M+H-H2O]+,715.6599;
DG 44:5 [M+H-H2O]+,709.6129;
DG 44:6 [M+H-H2O]+,707.5973;
DG 44:7 [M+H-H2O]+,705.5816;
DG 44:8 [M+H-H2O]+,703.5660;
DG 44:9 [M+H-H2O]+,701.5503;
Hex2Cer 32:1;O2 [M+H]+,834.5937
Hex2Cer 32:1;O2 [M+H-H2O]+,816.5832
Hex2Cer 32:2;O2 [M+H]+,832.5781
Hex2Cer 32:2;O2 [M+H-H2O]+,814.5675
Hex2Cer 33:1;O2 [M+H]+,848.6094
Hex2Cer 33:1;O2 [M+H-H2O]+,830.5988
Hex2Cer 34:1;O2 [M+H]+,862.6250
Hex2Cer 34:1;O2 [M+H-H2O]+,844.6145
Hex2Cer 34:2;O2 [M+H]+,860.6094
Hex2Cer 34:2;O2 [M+H-H2O]+,842.5988
Hex2Cer 35:1;O2 [M+H]+,876.6407
Hex2Cer 35:1;O2 [M+H-H2O]+,858.6301
Hex2Cer 35:2;O2 [M+H]+,874.6250
Hex2Cer 35:2;O2 [M+H-H2O]+,856.6145
Hex2Cer 36:1;O2 [M+H]+,890.6563
Hex2Cer 36:1;O2 [M+H-H2O]+,872.6458
Hex2Cer 36:2;O2 [M+H]+,888.6407
Hex2Cer 36:2;O2 [M+H-H2O]+,870.6301
Hex2Cer 36:3;O2 [M+H]+,886.6250
Hex2Cer 36:3;O2 [M+H-H2O]+,868.6145
Hex2Cer 38:1;O2 [M+H]+,918.6876
Hex2Cer 38:1;O2 [M+H-H2O]+,900.6771
Hex2Cer 38:2;O2 [M+H]+,916.6720
Hex2Cer 38:2;O2 [M+H-H2O]+,898.6614
Hex2Cer 38:3;O2 [M+H]+,914.6563
Hex2Cer 38:3;O2 [M+H-H2O]+,896.6458
Hex2Cer 39:1;O2 [M+H]+,932.7033
Hex2Cer 39:1;O2 [M+H-H2O]+,914.6927
Hex2Cer 40:1;O2 [M+H]+,946.7189
Hex2Cer 40:1;O2 [M+H-H2O]+,928.7084
Hex2Cer 40:2;O2 [M+H]+,944.7033
Hex2Cer 40:2;O2 [M+H-H2O]+,926.6927
Hex2Cer 40:3;O2 [M+H]+,942.6876
Hex2Cer 40:3;O2 [M+H-H2O]+,924.6771
Hex2Cer 40:4;O2 [M+H]+,940.6720
Hex2Cer 40:4;O2 [M+H-H2O]+,922.6614
Hex2Cer 41:1;O2 [M+H]+,960.7346
Hex2Cer 41:1;O2 [M+H-H2O]+,942.7240
Hex2Cer 41:2;O2 [M+H]+,958.7189
Hex2Cer 41:2;O2 [M+H-H2O]+,940.7084
Hex2Cer 42:1;O2 [M+H]+,974.7502
Hex2Cer 42:1;O2 [M+H-H2O]+,956.7397
Hex2Cer 42:2;O2 [M+H]+,972.7346
Hex2Cer 42:2;O2 [M+H-H2O]+,954.7240
Hex2Cer 42:3;O2 [M+H]+,970.7189
Hex2Cer 42:3;O2 [M+H-H2O]+,952.7084
Hex2Cer 42:4;O2 [M+H]+,968.7033
Hex2Cer 42:4;O2 [M+H-H2O]+,950.6927
Hex2Cer 43:1;O2 [M+H]+,988.7659
Hex2Cer 43:1;O2 [M+H-H2O]+,970.7553
Hex2Cer 43:2;O2 [M+H]+,986.7502
Hex2Cer 43:2;O2 [M+H-H2O]+,968.7397
Hex2Cer 43:3;O2 [M+H]+,984.7346
Hex2Cer 43:3;O2 [M+H-H2O]+,966.7240
Hex2Cer 44:1;O2 [M+H]+,1002.7815
Hex2Cer 44:1;O2 [M+H-H2O]+,984.7710
Hex2Cer 44:2;O2 [M+H]+,1000.7659
Hex2Cer 44:2;O2 [M+H-H2O]+,982.7553
Hex2Cer 44:3;O2 [M+H]+,998.7502
Hex2Cer 44:3;O2 [M+H-H2O]+,980.7397
Hex2Cer 44:4;O2 [M+H]+,996.7346
Hex2Cer 44:4;O2 [M+H-H2O]+,978.7240
HexCer 32:1;O2 [M+H]+,672.5409
HexCer 32:1;O2 [M+H-H2O]+,654.5303
HexCer 32:2;O2 [M+H]+,670.5252
HexCer 32:2;O2 [M+H-H2O]+,652.5147
HexCer 33:1;O2 [M+H]+,686.5565
HexCer 33:1;O2 [M+H-H2O]+,668.5460
HexCer 34:1;O2 [M+H]+,700.5722
HexCer 34:1;O2 [M+H-H2O]+,682.5616
HexCer 34:2;O2 [M+H]+,698.5565
HexCer 34:2;O2 [M+H-H2O]+,680.5460
HexCer 35:1;O2 [M+H]+,714.5878
HexCer 35:1;O2 [M+H-H2O]+,696.5773
HexCer 35:2;O2 [M+H]+,712.5722
HexCer 35:2;O2 [M+H-H2O]+,694.5616
HexCer 36:1;O2 [M+H]+,728.6035
HexCer 36:1;O2 [M+H-H2O]+,710.5929
HexCer 36:2;O2 [M+H]+,726.5878
HexCer 36:2;O2 [M+H-H2O]+,708.5773
HexCer 36:3;O2 [M+H]+,724.5722
HexCer 36:3;O2 [M+H-H2O]+,706.5616
HexCer 38:1;O2 [M+H]+,756.6348
HexCer 38:1;O2 [M+H-H2O]+,738.6242
HexCer 38:2;O2 [M+H]+,754.6191
HexCer 38:2;O2 [M+H-H2O]+,736.6086
HexCer 38:3;O2 [M+H]+,752.6035
HexCer 38:3;O2 [M+H-H2O]+,734.5929
HexCer 39:1;O2 [M+H]+,770.6504
HexCer 39:1;O2 [M+H-H2O]+,752.6399
HexCer 40:1;O2 [M+H]+,784.6661
HexCer 40:1;O2 [M+H-H2O]+,766.6555
HexCer 40:2;O2 [M+H]+,782.6504
HexCer 40:2;O2 [M+H-H2O]+,764.6399
HexCer 40:3;O2 [M+H]+,780.6348
HexCer 40:3;O2 [M+H-H2O]+,762.6242
HexCer 40:4;O2 [M+H]+,778.6191
HexCer 40:4;O2 [M+H-H2O]+,760.6086
HexCer 41:1;O2 [M+H]+,798.6817
HexCer 41:1;O2 [M+H-H2O]+,780.6712
HexCer 41:2;O2 [M+H]+,796.6661
HexCer 41:2;O2 [M+H-H2O]+,778.6555
HexCer 42:1;O2 [M+H]+,812.6974
HexCer 42:1;O2 [M+H-H2O]+,794.6868
HexCer 42:2;O2 [M+H]+,810.6817
HexCer 42:2;O2 [M+H-H2O]+,792.6712
HexCer 42:3;O2 [M+H]+,808.6661
HexCer 42:3;O2 [M+H-H2O]+,790.6555
HexCer 42:4;O2 [M+H]+,806.6504
HexCer 42:4;O2 [M+H-H2O]+,788.6399
HexCer 43:1;O2 [M+H]+,826.7130
HexCer 43:1;O2 [M+H-H2O]+,808.7025
HexCer 43:2;O2 [M+H]+,824.6974
HexCer 43:2;O2 [M+H-H2O]+,806.6868
HexCer 43:3;O2 [M+H]+,822.6817
HexCer 43:3;O2 [M+H-H2O]+,804.6712
HexCer 44:1;O2 [M+H]+,840.7287
HexCer 44:1;O2 [M+H-H2O]+,822.7181
HexCer 44:2;O2 [M+H]+,838.7130
HexCer 44:2;O2 [M+H-H2O]+,820.7025
HexCer 44:3;O2 [M+H]+,836.6974
HexCer 44:3;O2 [M+H-H2O]+,818.6868
HexCer 44:4;O2 [M+H]+,834.6817
HexCer 44:4;O2 [M+H-H2O]+,816.6712
LPA 14:0 [M+H]+,383.2193;
LPA 14:1 [M+H]+,381.2037;
LPA 16:0 [M+H]+,411.2506;
LPA 16:1 [M+H]+,409.2350;
LPA 18:0 [M+H]+,439.2819;
LPA 18:1 [M+H]+,437.2663;
LPA 18:2 [M+H]+,435.2506;
LPA 18:3 [M+H]+,433.2350;
LPA 18:4 [M+H]+,431.2193;
LPA 20:0 [M+H]+,467.3132;
LPA 20:1 [M+H]+,465.2976;
LPA 20:2 [M+H]+,463.2819;
LPA 20:3 [M+H]+,461.2663;
LPA 20:4 [M+H]+,459.2506;
LPA 20:5 [M+H]+,457.2350;
LPA 22:1 [M+H]+,493.3289;
LPA 22:4 [M+H]+,487.2819;
LPA 22:5 [M+H]+,485.2663;
LPA 22:6 [M+H]+,483.2506;
LPC 14:0 [M+H]+,468.3085;
LPC 14:1 [M+H]+,466.2928;
LPC 16:0 [M+H]+,496.3398;
LPC 16:1 [M+H]+,494.3241;
LPC 18:0 [M+H]+,524.3711;
LPC 18:1 [M+H]+,522.3554;
LPC 18:2 [M+H]+,520.3398;
LPC 18:3 [M+H]+,518.3241;
LPC 18:4 [M+H]+,516.3085;
LPC 20:0 [M+H]+,552.4024;
LPC 20:1 [M+H]+,550.3867;
LPC 20:2 [M+H]+,548.3711;
LPC 20:3 [M+H]+,546.3554;
LPC 20:4 [M+H]+,544.3398;
LPC 20:5 [M+H]+,542.3241;
LPC 22:1 [M+H]+,578.4180;
LPC 22:4 [M+H]+,572.3711;
LPC 22:5 [M+H]+,570.3554;
LPC 22:6 [M+H]+,568.3398;
LPE 14:0 [M+H]+,426.2615;
LPE 14:1 [M+H]+,424.2459;
LPE 16:0 [M+H]+,454.2928;
LPE 16:1 [M+H]+,452.2772;
LPE 18:0 [M+H]+,482.3241;
LPE 18:1 [M+H]+,480.3085;
LPE 18:2 [M+H]+,478.2928;
LPE 18:3 [M+H]+,476.2772;
LPE 18:4 [M+H]+,474.2615;
LPE 20:0 [M+H]+,510.3554;
LPE 20:1 [M+H]+,508.3398;
LPE 20:2 [M+H]+,506.3241;
LPE 20:3 [M+H]+,504.3085;
LPE 20:4 [M+H]+,502.2928;
LPE 20:5 [M+H]+,500.2772;
LPE 22:1 [M+H]+,536.3711;
LPE 22:4 [M+H]+,530.3241;
LPE 22:5 [M+H]+,528.3085;
LPE 22:6 [M+H]+,526.2928;
LPG 14:0 [M+H]+,457.2561;
LPG 14:1 [M+H]+,455.2404;
LPG 16:0 [M+H]+,485.2874;
LPG 16:1 [M+H]+,483.2717;
LPG 18:0 [M+H]+,513.3187;
LPG 18:1 [M+H]+,511.3030;
LPG 18:2 [M+H]+,509.2874;
LPG 18:3 [M+H]+,507.2717;
LPG 18:4 [M+H]+,505.2561;
LPG 20:0 [M+H]+,541.3500;
LPG 20:1 [M+H]+,539.3343;
LPG 20:2 [M+H]+,537.3187;
LPG 20:3 [M+H]+,535.3030;
LPG 20:4 [M+H]+,533.2874;
LPG 20:5 [M+H]+,531.2717;
LPG 22:1 [M+H]+,567.3656;
LPG 22:4 [M+H]+,561.3187;
LPG 22:5 [M+H]+,559.3030;
LPG 22:6 [M+H]+,557.2874;
LPI 14:0 [M+H]+,545.2721;
LPI 14:1 [M+H]+,543.2565;
LPI 16:0 [M+H]+,573.3034;
LPI 16:1 [M+H]+,571.2878;
LPI 18:0 [M+H]+,601.3347;
LPI 18:1 [M+H]+,599.3191;
LPI 18:2 [M+H]+,597.3034;
LPI 18:3 [M+H]+,595.2878;
LPI 18:4 [M+H]+,593.2721;
LPI 20:0 [M+H]+,629.3660;
LPI 20:1 [M+H]+,627.3504;
LPI 20:2 [M+H]+,625.3347;
LPI 20:3 [M+H]+,623.3191;
LPI 20:4 [M+H]+,621.3034;
LPI 20:5 [M+H]+,619.2878;
LPI 22:1 [M+H]+,655.3817;
LPI 22:4 [M+H]+,649.3347;
LPI 22:5 [M+H]+,647.3191;
LPI 22:6 [M+H]+,645.3034;
MG 14:0 [M+H-H2O]+,285.2424;
MG 14:1 [M+H-H2O]+,283.2268;
MG 16:0 [M+H-H2O]+,313.2737;
MG 16:1 [M+H-H2O]+,311.2581;
MG 18:0 [M+H-H2O]+,341.3050;
MG 18:1 [M+H-H2O]+,339.2894;
MG 18:2 [M+H-H2O]+,337.2737;
MG 18:3 [M+H-H2O]+,335.2581;
MG 18:4 [M+H-H2O]+,333.2424;
MG 20:0 [M+H-H2O]+,369.3363;
MG 20:1 [M+H-H2O]+,367.3207;
MG 20:2 [M+H-H2O]+,365.3050;
MG 20:3 [M+H-H2O]+,363.2894;
MG 20:4 [M+H-H2O]+,361.2737;
MG 20:5 [M+H-H2O]+,359.2581;
MG 22:1 [M+H-H2O]+,395.3520;
MG 22:4 [M+H-H2O]+,389.3050;
MG 22:5 [M+H-H2O]+,387.2894;
MG 22:6 [M+H-H2O]+,385.2737;
PA 28:0 [M+H]+,593.4177;
PA 28:1 [M+H]+,591.4020;
PA 28:2 [M+H]+,589.3864;
PA 30:0 [M+H]+,621.4490;
PA 30:1 [M+H]+,619.4333;
PA 30:2 [M+H]+,617.4177;
PA 32:0 [M+H]+,649.4803;
PA 32:1 [M+H]+,647.4646;
PA 32:2 [M+H]+,645.4490;
PA 32:3 [M+H]+,643.4333;
PA 34:0 [M+H]+,677.5116;
PA 34:1 [M+H]+,675.4959;
PA 34:2 [M+H]+,673.4803;
PA 34:3 [M+H]+,671.4646;
PA 34:4 [M+H]+,669.4490;
PA 36:0 [M+H]+,705.5429;
PA 36:1 [M+H]+,703.5272;
PA 36:2 [M+H]+,701.5116;
PA 36:3 [M+H]+,699.4959;
PA 36:4 [M+H]+,697.4803;
PA 36:5 [M+H]+,695.4646;
PA 36:6 [M+H]+,693.4490;
PA 38:0 [M+H]+,733.5742;
PA 38:1 [M+H]+,731.5585;
PA 38:2 [M+H]+,729.5429;
PA 38:3 [M+H]+,727.5272;
PA 38:4 [M+H]+,725.5116;
PA 38:5 [M+H]+,723.4959;
PA 38:6 [M+H]+,721.4803;
PA 38:7 [M+H]+,719.4646;
PA 38:8 [M+H]+,717.4490;
PA 40:0 [M+H]+,761.6055;
PA 40:1 [M+H]+,759.5898;
PA 40:10 [M+H]+,741.4490;
PA 40:2 [M+H]+,757.5742;
PA 40:3 [M+H]+,755.5585;
PA 40:4 [M+H]+,753.5429;
PA 40:5 [M+H]+,751.5272;
PA 40:6 [M+H]+,749.5116;
PA 40:7 [M+H]+,747.4959;
PA 40:8 [M+H]+,745.4803;
PA 40:9 [M+H]+,743.4646;
PA 42:1 [M+H]+,787.6211;
PA 42:10 [M+H]+,769.4803;
PA 42:11 [M+H]+,767.4646;
PA 42:2 [M+H]+,785.6055;
PA 42:3 [M+H]+,783.5898;
PA 42:4 [M+H]+,781.5742;
PA 42:5 [M+H]+,779.5585;
PA 42:6 [M+H]+,777.5429;
PA 42:7 [M+H]+,775.5272;
PA 42:8 [M+H]+,773.5116;
PA 42:9 [M+H]+,771.4959;
PA 44:10 [M+H]+,797.5116;
PA 44:11 [M+H]+,795.4959;
PA 44:12 [M+H]+,793.4803;
PA 44:2 [M+H]+,813.6368;
PA 44:5 [M+H]+,807.5898;
PA 44:6 [M+H]+,805.5742;
PA 44:7 [M+H]+,803.5585;
PA 44:8 [M+H]+,801.5429;
PA 44:9 [M+H]+,799.5272;
PC 28:0 [M+H]+,678.5068;
PC 28:1 [M+H]+,676.4912;
PC 30:0 [M+H]+,706.5381;
PC 30:1 [M+H]+,704.5225;
PC 30:2 [M+H]+,702.5068;
PC 32:0 [M+H]+,734.5694;
PC 32:1 [M+H]+,732.5538;
PC 32:2 [M+H]+,730.5381;
PC 32:3 [M+H]+,728.5225;
PC 34:0 [M+H]+,762.6007;
PC 34:1 [M+H]+,760.5851;
PC 34:2 [M+H]+,758.5694;
PC 34:3 [M+H]+,756.5538;
PC 34:4 [M+H]+,754.5381;
PC 36:0 [M+H]+,790.6320;
PC 36:1 [M+H]+,788.6164;
PC 36:2 [M+H]+,786.6007;
PC 36:3 [M+H]+,784.5851;
PC 36:4 [M+H]+,782.5694;
PC 36:5 [M+H]+,780.5538;
PC 36:6 [M+H]+,778.5381;
PC 38:0 [M+H]+,818.6633;
PC 38:1 [M+H]+,816.6477;
PC 38:2 [M+H]+,814.6320;
PC 38:3 [M+H]+,812.6164;
PC 38:4 [M+H]+,810.6007;
PC 38:5 [M+H]+,808.5851;
PC 38:6 [M+H]+,806.5694;
PC 38:7 [M+H]+,804.5538;
PC 38:8 [M+H]+,802.5381;
PC 40:0 [M+H]+,846.6946;
PC 40:1 [M+H]+,844.6790;
PC 40:10 [M+H]+,826.5381;
PC 40:2 [M+H]+,842.6633;
PC 40:3 [M+H]+,840.6477;
PC 40:4 [M+H]+,838.6320;
PC 40:5 [M+H]+,836.6164;
PC 40:6 [M+H]+,834.6007;
PC 40:7 [M+H]+,832.5851;
PC 40:8 [M+H]+,830.5694;
PC 40:9 [M+H]+,828.5538;
PC 42:1 [M+H]+,872.7103;
PC 42:10 [M+H]+,854.5694;
PC 42:11 [M+H]+,852.5538;
PC 42:2 [M+H]+,870.6946;
PC 42:3 [M+H]+,868.6790;
PC 42:4 [M+H]+,866.6633;
PC 42:5 [M+H]+,864.6477;
PC 42:6 [M+H]+,862.6320;
PC 42:7 [M+H]+,860.6164;
PC 42:8 [M+H]+,858.6007;
PC 42:9 [M+H]+,856.5851;
PC 44:10 [M+H]+,882.6007;
PC 44:11 [M+H]+,880.5851;
PC 44:12 [M+H]+,878.5694;
PC 44:2 [M+H]+,898.7259;
PC 44:5 [M+H]+,892.6790;
PC 44:6 [M+H]+,890.6633;
PC 44:7 [M+H]+,888.6477;
PC 44:8 [M+H]+,886.6320;
PC 44:9 [M+H]+,884.6164;
PC O-28:0 / PC P-28:-1 [M+H]+,664.5276;
PC O-28:1 / PC P-28:0 [M+H]+,662.5119;
PC O-28:2 / PC P-28:1 [M+H]+,660.4963;
PC O-30:0 / PC P-30:-1 [M+H]+,692.5589;
PC O-30:1 / PC P-30:0 [M+H]+,690.5432;
PC O-30:2 / PC P-30:1 [M+H]+,688.5276;
PC O-32:0 / PC P-32:-1 [M+H]+,720.5902;
PC O-32:1 / PC P-32:0 [M+H]+,718.5745;
PC O-32:2 / PC P-32:1 [M+H]+,716.5589;
PC O-32:3 / PC P-32:2 [M+H]+,714.5432;
PC O-34:0 / PC P-34:-1 [M+H]+,748.6215;
PC O-34:1 / PC P-34:0 [M+H]+,746.6058;
PC O-34:2 / PC P-34:1 [M+H]+,744.5902;
PC O-34:3 / PC P-34:2 [M+H]+,742.5745;
PC O-34:4 / PC P-34:3 [M+H]+,740.5589;
PC O-36:0 / PC P-36:-1 [M+H]+,776.6528;
PC O-36:1 / PC P-36:0 [M+H]+,774.6371;
PC O-36:2 / PC P-36:1 [M+H]+,772.6215;
PC O-36:3 / PC P-36:2 [M+H]+,770.6058;
PC O-36:4 / PC P-36:3 [M+H]+,768.5902;
PC O-36:5 / PC P-36:4 [M+H]+,766.5745;
PC O-36:6 / PC P-36:5 [M+H]+,764.5589;
PC O-36:7 / PC P-36:6 [M+H]+,762.5432;
PC O-38:0 / PC P-38:-1 [M+H]+,804.6841;
PC O-38:1 / PC P-38:0 [M+H]+,802.6684;
PC O-38:2 / PC P-38:1 [M+H]+,800.6528;
PC O-38:3 / PC P-38:2 [M+H]+,798.6371;
PC O-38:4 / PC P-38:3 [M+H]+,796.6215;
PC O-38:5 / PC P-38:4 [M+H]+,794.6058;
PC O-38:6 / PC P-38:5 [M+H]+,792.5902;
PC O-38:7 / PC P-38:6 [M+H]+,790.5745;
PC O-38:8 / PC P-38:7 [M+H]+,788.5589;
PC O-38:9 / PC P-38:8 [M+H]+,786.5432;
PC O-40:0 / PC P-40:-1 [M+H]+,832.7154;
PC O-40:1 / PC P-40:0 [M+H]+,830.6997;
PC O-40:10 / PC P-40:9 [M+H]+,812.5589;
PC O-40:2 / PC P-40:1 [M+H]+,828.6841;
PC O-40:3 / PC P-40:2 [M+H]+,826.6684;
PC O-40:4 / PC P-40:3 [M+H]+,824.6528;
PC O-40:5 / PC P-40:4 [M+H]+,822.6371;
PC O-40:6 / PC P-40:5 [M+H]+,820.6215;
PC O-40:7 / PC P-40:6 [M+H]+,818.6058;
PC O-40:8 / PC P-40:7 [M+H]+,816.5902;
PC O-40:9 / PC P-40:8 [M+H]+,814.5745;
PC O-42:1 / PC P-42:0 [M+H]+,858.7310;
PC O-42:10 / PC P-42:9 [M+H]+,840.5902;
PC O-42:11 / PC P-42:10 [M+H]+,838.5745;
PC O-42:2 / PC P-42:1 [M+H]+,856.7154;
PC O-42:3 / PC P-42:2 [M+H]+,854.6997;
PC O-42:4 / PC P-42:3 [M+H]+,852.6841;
PC O-42:5 / PC P-42:4 [M+H]+,850.6684;
PC O-42:6 / PC P-42:5 [M+H]+,848.6528;
PC O-42:7 / PC P-42:6 [M+H]+,846.6371;
PC O-42:8 / PC P-42:7 [M+H]+,844.6215;
PC O-42:9 / PC P-42:8 [M+H]+,842.6058;
PC O-44:10 / PC P-44:9 [M+H]+,868.6215;
PC O-44:11 / PC P-44:10 [M+H]+,866.6058;
PC O-44:12 / PC P-44:11 [M+H]+,864.5902;
PC O-44:2 / PC P-44:1 [M+H]+,884.7467;
PC O-44:5 / PC P-44:4 [M+H]+,878.6997;
PC O-44:6 / PC P-44:5 [M+H]+,876.6841;
PC O-44:7 / PC P-44:6 [M+H]+,874.6684;
PC O-44:8 / PC P-44:7 [M+H]+,872.6528;
PC O-44:9 / PC P-44:8 [M+H]+,870.6371;
PE 28:0 [M+H]+,636.4599;
PE 28:1 [M+H]+,634.4442;
PE 30:0 [M+H]+,664.4912;
PE 30:1 [M+H]+,662.4755;
PE 30:2 [M+H]+,660.4599;
PE 32:0 [M+H]+,692.5225;
PE 32:1 [M+H]+,690.5068;
PE 32:2 [M+H]+,688.4912;
PE 32:3 [M+H]+,686.4755;
PE 34:0 [M+H]+,720.5538;
PE 34:1 [M+H]+,718.5381;
PE 34:2 [M+H]+,716.5225;
PE 34:3 [M+H]+,714.5068;
PE 34:4 [M+H]+,712.4912;
PE 36:0 [M+H]+,748.5851;
PE 36:1 [M+H]+,746.5694;
PE 36:2 [M+H]+,744.5538;
PE 36:3 [M+H]+,742.5381;
PE 36:4 [M+H]+,740.5225;
PE 36:5 [M+H]+,738.5068;
PE 36:6 [M+H]+,736.4912;
PE 38:0 [M+H]+,776.6164;
PE 38:1 [M+H]+,774.6007;
PE 38:2 [M+H]+,772.5851;
PE 38:3 [M+H]+,770.5694;
PE 38:4 [M+H]+,768.5538;
PE 38:5 [M+H]+,766.5381;
PE 38:6 [M+H]+,764.5225;
PE 38:7 [M+H]+,762.5068;
PE 38:8 [M+H]+,760.4912;
PE 40:0 [M+H]+,804.6477;
PE 40:1 [M+H]+,802.6320;
PE 40:10 [M+H]+,784.4912;
PE 40:2 [M+H]+,800.6164;
PE 40:3 [M+H]+,798.6007;
PE 40:4 [M+H]+,796.5851;
PE 40:5 [M+H]+,794.5694;
PE 40:6 [M+H]+,792.5538;
PE 40:7 [M+H]+,790.5381;
PE 40:8 [M+H]+,788.5225;
PE 40:9 [M+H]+,786.5068;
PE 42:1 [M+H]+,830.6633;
PE 42:10 [M+H]+,812.5225;
PE 42:11 [M+H]+,810.5068;
PE 42:2 [M+H]+,828.6477;
PE 42:3 [M+H]+,826.6320;
PE 42:4 [M+H]+,824.6164;
PE 42:5 [M+H]+,822.6007;
PE 42:6 [M+H]+,820.5851;
PE 42:7 [M+H]+,818.5694;
PE 42:8 [M+H]+,816.5538;
PE 42:9 [M+H]+,814.5381;
PE 44:10 [M+H]+,840.5538;
PE 44:11 [M+H]+,838.5381;
PE 44:12 [M+H]+,836.5225;
PE 44:2 [M+H]+,856.6790;
PE 44:5 [M+H]+,850.6320;
PE 44:6 [M+H]+,848.6164;
PE 44:7 [M+H]+,846.6007;
PE 44:8 [M+H]+,844.5851;
PE 44:9 [M+H]+,842.5694;
PE O-28:0 / PE P-28:-1 [M+H]+,622.4806;
PE O-28:1 / PE P-28:0 [M+H]+,620.4650;
PE O-28:2 / PE P-28:1 [M+H]+,618.4493;
PE O-30:0 / PE P-30:-1 [M+H]+,650.5119;
PE O-30:1 / PE P-30:0 [M+H]+,648.4963;
PE O-30:2 / PE P-30:1 [M+H]+,646.4806;
PE O-32:0 / PE P-32:-1 [M+H]+,678.5432;
PE O-32:1 / PE P-32:0 [M+H]+,676.5276;
PE O-32:2 / PE P-32:1 [M+H]+,674.5119;
PE O-32:3 / PE P-32:2 [M+H]+,672.4963;
PE O-34:0 / PE P-34:-1 [M+H]+,706.5745;
PE O-34:1 / PE P-34:0 [M+H]+,704.5589;
PE O-34:2 / PE P-34:1 [M+H]+,702.5432;
PE O-34:3 / PE P-34:2 [M+H]+,700.5276;
PE O-34:4 / PE P-34:3 [M+H]+,698.5119;
PE O-36:0 / PE P-36:-1 [M+H]+,734.6058;
PE O-36:1 / PE P-36:0 [M+H]+,732.5902;
PE O-36:2 / PE P-36:1 [M+H]+,730.5745;
PE O-36:3 / PE P-36:2 [M+H]+,728.5589;
PE O-36:4 / PE P-36:3 [M+H]+,726.5432;
PE O-36:5 / PE P-36:4 [M+H]+,724.5276;
PE O-36:6 / PE P-36:5 [M+H]+,722.5119;
PE O-38:0 / PE P-38:-1 [M+H]+,762.6371;
PE O-38:1 / PE P-38:0 [M+H]+,760.6215;
PE O-38:2 / PE P-38:1 [M+H]+,758.6058;
PE O-38:3 / PE P-38:2 [M+H]+,756.5902;
PE O-38:4 / PE P-38:3 [M+H]+,754.5745;
PE O-38:5 / PE P-38:4 [M+H]+,752.5589;
PE O-38:6 / PE P-38:5 [M+H]+,750.5432;
PE O-38:7 / PE P-38:6 [M+H]+,748.5276;
PE O-38:8 / PE P-38:7 [M+H]+,746.5119;
PE O-40:0 / PE P-40:-1 [M+H]+,790.6684;
PE O-40:1 / PE P-40:0 [M+H]+,788.6528;
PE O-40:10 / PE P-40:9 [M+H]+,770.5119;
PE O-40:2 / PE P-40:1 [M+H]+,786.6371;
PE O-40:3 / PE P-40:2 [M+H]+,784.6215;
PE O-40:4 / PE P-40:3 [M+H]+,782.6058;
PE O-40:5 / PE P-40:4 [M+H]+,780.5902;
PE O-40:6 / PE P-40:5 [M+H]+,778.5745;
PE O-40:7 / PE P-40:6 [M+H]+,776.5589;
PE O-40:8 / PE P-40:7 [M+H]+,774.5432;
PE O-40:9 / PE P-40:8 [M+H]+,772.5276;
PE O-42:1 / PE P-42:0 [M+H]+,816.6841;
PE O-42:10 / PE P-42:9 [M+H]+,798.5432;
PE O-42:11 / PE P-42:10 [M+H]+,796.5276;
PE O-42:2 / PE P-42:1 [M+H]+,814.6684;
PE O-42:3 / PE P-42:2 [M+H]+,812.6528;
PE O-42:4 / PE P-42:3 [M+H]+,810.6371;
PE O-42:5 / PE P-42:4 [M+H]+,808.6215;
PE O-42:6 / PE P-42:5 [M+H]+,806.6058;
PE O-42:7 / PE P-42:6 [M+H]+,804.5902;
PE O-42:8 / PE P-42:7 [M+H]+,802.5745;
PE O-42:9 / PE P-42:8 [M+H]+,800.5589;
PE O-44:10 / PE P-44:9 [M+H]+,826.5745;
PE O-44:11 / PE P-44:10 [M+H]+,824.5589;
PE O-44:12 / PE P-44:11 [M+H]+,822.5432;
PE O-44:2 / PE P-44:1 [M+H]+,842.6997;
PE O-44:5 / PE P-44:4 [M+H]+,836.6528;
PE O-44:6 / PE P-44:5 [M+H]+,834.6371;
PE O-44:7 / PE P-44:6 [M+H]+,832.6215;
PE O-44:8 / PE P-44:7 [M+H]+,830.6058;
PE O-44:9 / PE P-44:8 [M+H]+,828.5902;
PG 28:0 [M+H]+,667.4545;
PG 28:1 [M+H]+,665.4388;
PG 28:2 [M+H]+,663.4232;
PG 30:0 [M+H]+,695.4858;
PG 30:1 [M+H]+,693.4701;
PG 30:2 [M+H]+,691.4545;
PG 32:0 [M+H]+,723.5171;
PG 32:1 [M+H]+,721.5014;
PG 32:2 [M+H]+,719.4858;
PG 32:3 [M+H]+,717.4701;
PG 34:0 [M+H]+,751.5484;
PG 34:1 [M+H]+,749.5327;
PG 34:2 [M+H]+,747.5171;
PG 34:3 [M+H]+,745.5014;
PG 34:4 [M+H]+,743.4858;
PG 36:0 [M+H]+,779.5797;
PG 36:1 [M+H]+,777.5640;
PG 36:2 [M+H]+,775.5484;
PG 36:3 [M+H]+,773.5327;
PG 36:4 [M+H]+,771.5171;
PG 36:5 [M+H]+,769.5014;
PG 36:6 [M+H]+,767.4858;
PG 38:0 [M+H]+,807.6110;
PG 38:1 [M+H]+,805.5953;
PG 38:2 [M+H]+,803.5797;
PG 38:3 [M+H]+,801.5640;
PG 38:4 [M+H]+,799.5484;
PG 38:5 [M+H]+,797.5327;
PG 38:6 [M+H]+,795.5171;
PG 38:7 [M+H]+,793.5014;
PG 38:8 [M+H]+,791.4858;
PG 40:0 [M+H]+,835.6423;
PG 40:1 [M+H]+,833.6266;
PG 40:10 [M+H]+,815.4858;
PG 40:2 [M+H]+,831.6110;
PG 40:3 [M+H]+,829.5953;
PG 40:4 [M+H]+,827.5797;
PG 40:5 [M+H]+,825.5640;
PG 40:6 [M+H]+,823.5484;
PG 40:7 [M+H]+,821.5327;
PG 40:8 [M+H]+,819.5171;
PG 40:9 [M+H]+,817.5014;
PG 42:1 [M+H]+,861.6579;
PG 42:10 [M+H]+,843.5171;
PG 42:11 [M+H]+,841.5014;
PG 42:2 [M+H]+,859.6423;
PG 42:3 [M+H]+,857.6266;
PG 42:4 [M+H]+,855.6110;
PG 42:5 [M+H]+,853.5953;
PG 42:6 [M+H]+,851.5797;
PG 42:7 [M+H]+,849.5640;
PG 42:8 [M+H]+,847.5484;
PG 42:9 [M+H]+,845.5327;
PG 44:10 [M+H]+,871.5484;
PG 44:11 [M+H]+,869.5327;
PG 44:12 [M+H]+,867.5171;
PG 44:2 [M+H]+,887.6736;
PG 44:5 [M+H]+,881.6266;
PG 44:6 [M+H]+,879.6110;
PG 44:7 [M+H]+,877.5953;
PG 44:8 [M+H]+,875.5797;
PG 44:9 [M+H]+,873.5640;
PI 28:0 [M+H]+,755.4705;
PI 28:1 [M+H]+,753.4549;
PI 30:0 [M+H]+,783.5018;
PI 30:1 [M+H]+,781.4862;
PI 30:2 [M+H]+,779.4705;
PI 32:0 [M+H]+,811.5331;
PI 32:1 [M+H]+,809.5175;
PI 32:2 [M+H]+,807.5018;
PI 32:3 [M+H]+,805.4862;
PI 34:0 [M+H]+,839.5644;
PI 34:1 [M+H]+,837.5488;
PI 34:2 [M+H]+,835.5331;
PI 34:3 [M+H]+,833.5175;
PI 34:4 [M+H]+,831.5018;
PI 36:0 [M+H]+,867.5957;
PI 36:1 [M+H]+,865.5801;
PI 36:2 [M+H]+,863.5644;
PI 36:3 [M+H]+,861.5488;
PI 36:4 [M+H]+,859.5331;
PI 36:5 [M+H]+,857.5175;
PI 36:6 [M+H]+,855.5018;
PI 38:0 [M+H]+,895.6270;
PI 38:1 [M+H]+,893.6114;
PI 38:2 [M+H]+,891.5957;
PI 38:3 [M+H]+,889.5801;
PI 38:4 [M+H]+,887.5644;
PI 38:5 [M+H]+,885.5488;
PI 38:6 [M+H]+,883.5331;
PI 38:7 [M+H]+,881.5175;
PI 38:8 [M+H]+,879.5018;
PI 40:0 [M+H]+,923.6583;
PI 40:1 [M+H]+,921.6427;
PI 40:10 [M+H]+,903.5018;
PI 40:2 [M+H]+,919.6270;
PI 40:3 [M+H]+,917.6114;
PI 40:4 [M+H]+,915.5957;
PI 40:5 [M+H]+,913.5801;
PI 40:6 [M+H]+,911.5644;
PI 40:7 [M+H]+,909.5488;
PI 40:8 [M+H]+,907.5331;
PI 40:9 [M+H]+,905.5175;
PI 42:1 [M+H]+,949.6740;
PI 42:10 [M+H]+,931.5331;
PI 42:11 [M+H]+,929.5175;
PI 42:2 [M+H]+,947.6583;
PI 42:3 [M+H]+,945.6427;
PI 42:4 [M+H]+,943.6270;
PI 42:5 [M+H]+,941.6114;
PI 42:6 [M+H]+,939.5957;
PI 42:7 [M+H]+,937.5801;
PI 42:8 [M+H]+,935.5644;
PI 42:9 [M+H]+,933.5488;
PI 44:10 [M+H]+,959.5644;
PI 44:11 [M+H]+,957.5488;
PI 44:12 [M+H]+,955.5331;
PI 44:2 [M+H]+,975.6896;
PI 44:5 [M+H]+,969.6427;
PI 44:6 [M+H]+,967.6270;
PI 44:7 [M+H]+,965.6114;
PI 44:8 [M+H]+,963.5957;
PI 44:9 [M+H]+,961.5801;
SM 32:1;O2 [M+H]+,675.5436
SM 32:2;O2 [M+H]+,673.5279
SM 33:1;O2 [M+H]+,689.5592
SM 34:1;O2 [M+H]+,703.5749
SM 34:2;O2 [M+H]+,701.5592
SM 35:1;O2 [M+H]+,717.5905
SM 36:1;O2 [M+H]+,731.6062
SM 36:2;O2 [M+H]+,729.5905
SM 36:3;O2 [M+H]+,727.5749
SM 38:1;O2 [M+H]+,759.6375
SM 38:2;O2 [M+H]+,757.6218
SM 38:3;O2 [M+H]+,755.6062
SM 39:1;O2 [M+H]+,773.6531
SM 40:1;O2 [M+H]+,787.6688
SM 40:2;O2 [M+H]+,785.6531
SM 40:3;O2 [M+H]+,783.6375
SM 41:1;O2 [M+H]+,801.6844
SM 41:2;O2 [M+H]+,799.6688
SM 42:1;O2 [M+H]+,815.7001
SM 42:2;O2 [M+H]+,813.6844
SM 42:3;O2 [M+H]+,811.6688
SM 42:4;O2 [M+H]+,809.6531
SM 43:1;O2 [M+H]+,829.7157
SM 43:2;O2 [M+H]+,827.7001
SM 43:3;O2 [M+H]+,825.6844
SM 44:1;O2 [M+H]+,843.7314
SM 44:2;O2 [M+H]+,841.7157
SM 44:3;O2 [M+H]+,839.7001
SM 44:4;O2 [M+H]+,837.6844
Vitamin E [M.]+,430.3805;
